Date,Username,User tag,Content
"2026-05-30,03:48:59",papabakouu,#0,https://x.com/i/status/2059192303726866731
"2026-05-30,03:56:04",johnpeace6369,#0,https://x.com/i/status/2059514071968256043
"2026-05-30,03:56:34",johnpeace6369,#0,https://x.com/i/status/2059869641908879621
"2026-05-30,04:23:54",niqtophilee.,#0,https://x.com/0xhikaeu/status/2060012822063689797
"2026-05-30,06:09:05",razzshares,#0,https://x.com/razzshares/status/2059142667641278921?s=46
"2026-05-30,06:09:25",razzshares,#0,https://x.com/razzshares/status/2060378726928683163
"2026-05-30,13:10:57",lordsgood,#0,https://x.com/i/status/2060114790085710325
"2026-05-30,13:11:06",lordsgood,#0,https://x.com/i/status/2060319945594970562
"2026-05-30,13:11:13",lordsgood,#0,https://x.com/i/status/2060600689777070593
"2026-05-30,18:25:02",niqtophilee.,#0,https://x.com/0xhikaeu/status/2060705527475450171
"2026-05-31,15:55:00",chilas1,#0,https://x.com/mat_rash38998/status/2060752002137669915
"2026-05-31,15:55:55",chilas1,#0,https://x.com/mat_rash38998/status/2060733884459876729
"2026-06-02,11:28:41",aminulislamm018,#0,https://x.com/aminulislamm018/status/2061688849223545167
"2026-06-02,19:07:31",razzshares,#0,https://x.com/razzshares/status/2061804262532034715
"2026-06-04,13:35:20",lordsgood,#0,https://x.com/i/status/2062440129210278376
"2026-06-05,03:29:49",markdefi,#0,https://x.com/i/status/2062555661909508150
"2026-06-05,08:23:50",bakioption,#0,https://x.com/i/status/2062527470482620530
"2026-06-05,14:58:14",razzshares,#0,https://x.com/razzshares/status/2062827593171337492
"2026-06-05,15:29:28",world100x,#0,https://x.com/world100x/status/2062834600745803840?s=46
"2026-06-05,17:05:36",lordsgood,#0,https://x.com/i/status/2062853845961642260
"2026-06-05,21:49:38",papabakouu,#0,https://x.com/Dzola17/status/2062776559048732912
"2026-06-06,02:53:23",markdefi,#0,https://x.com/i/status/2062783436918595654
"2026-06-06,13:09:39",onyemauche_victor,#0,https://x.com/BlaqOnyemauche/status/2060583471198667113
"2026-06-06,13:09:56",onyemauche_victor,#0,https://x.com/BlaqOnyemauche/status/2061112313348804929
"2026-06-06,13:10:17",onyemauche_victor,#0,https://x.com/BlaqOnyemauche/status/2061540793739841701
"2026-06-06,13:10:28",onyemauche_victor,#0,https://x.com/BlaqOnyemauche/status/2061872897568739501
"2026-06-06,13:10:43",onyemauche_victor,#0,https://x.com/BlaqOnyemauche/status/2063160144221921693
"2026-06-06,14:10:02",mystuu_02,#0,https://x.com/i/status/2063143611366097354
"2026-06-06,19:18:18",johnpeace6369,#0,https://x.com/i/status/2062567296782971025
"2026-06-06,19:21:19",johnpeace6369,#0,https://x.com/i/status/2063256040028688463
"2026-06-07,00:49:12",growthgoddess9,#0,https://x.com/i/status/2061220746601316365
"2026-06-07,00:52:45",growthgoddess9,#0,https://x.com/i/status/2061055761233408273
"2026-06-07,00:52:56",growthgoddess9,#0,https://x.com/i/status/2061044762623299748
"2026-06-07,00:53:11",growthgoddess9,#0,https://x.com/i/status/2061221511394959612
"2026-06-07,00:53:27",growthgoddess9,#0,https://x.com/i/status/2063000114155938083
"2026-06-07,02:59:17",chisimdiri23,#0,https://x.com/debest_king/status/2063331632686289381
"2026-06-07,04:04:44",markdefi,#0,https://x.com/i/status/2063286714903241177
"2026-06-07,12:17:53",rahathq,#0,https://x.com/zyro_eth/status/2063512840607092744